{
  "contatos": [
    {
      "id": 1,
      "nome": "Carlos Eduardo Fernandes Souza",
      "telefone": "31975264295",
      "email": "carloseduardofernandes10@live.com",
      "empresa": "Empresa Carlos"
    },
    {
      "id": 2,
      "nome": "Amaury Grego",
      "telefone": "31975264295",
      "email": "amaury@live.com",
      "empresa": "Empresa Amaury"
    },
    {
      "id": 3,
      "nome": "Junior",
      "telefone": "31975264295",
      "email": "junior@live.com",
      "empresa": "Empresa teste"
    },
    {
      "id": 4,
      "nome": "Afonso padilha",
      "telefone": "31975264295",
      "email": "Afonso@live.com",
      "empresa": "Empresa Afonso"
    }
  ]
}